{
  "animations": [
    {
      "name": "move",
      "property": "position",
      "framePerSecond": 10,
      "dataType": 1,
      "loopBehavior": 1,
      "blendingSpeed": 0.01,
      "keys": [
        { "frame": 0,
         "values": [ 3.404535642180862, 8.540367061569203, 2.190557410165024] 
        },
        {
          "frame": 50,
          "values": [2.995821080514207, 8.64338101274192,2.29047117545598]
        },
        { "frame": 100,
         "values": [ 2.995821080514207, 8.64338101274192,2.290471175455984]
        },
        { "frame": 150,
         "values": [ 2.995821080514207, 8.64338101274192,  2.290471175455984]
        }
      ],
      "ranges": []
    }
  ]
}
